{"camera_coords": [1.95, 2.65, 3.42], "square_points": [[765, 402], [945, 508], [805, 626], [621, 484]], "transform_matrix ": [[4.091631692394845, -5.209434226454754, -0.0946210792237789, 0.0], [4.041733744926614, 4.975992598382489, 1.2479421706472351, 0.0], [-4.70202392790855, 0.3351883903077098, 0.3597831674351303, -0.0], [0.0, 0.0, 0.0, 1.0]]}