{"camera_coords": [1.0, 2.0, 3.0], "square_points": [[180, 104], [360, 105], [361, 234], [209, 235]], "transform_matrix ": [[3.5006640145944017, -0.022949992952937242, -0.05504467225688377, 0.0], [-0.581217116926933, 3.0982490486465393, -0.5605443920033787, 0.0], [-0.8586313787705068, -0.6648326083554033, 1.136932599006314, 0.0], [0.0, 0.0, 0.0, 1.0]]}